{"v":"5.6.10","fr":25,"ip":0,"op":35,"w":756,"h":756,"nm":"合成 1","ddd":0,"assets":[{"id":"image_0","w":201,"h":210,"u":"images/","p":"img_0.png","e":0},{"id":"image_1","w":756,"h":756,"u":"images/","p":"img_1.png","e":0}],"layers":[{"ddd":0,"ind":1,"ty":2,"nm":"fdc73ee591d284fee832548cb18a3a03@3x.png","cl":"png","refId":"image_0","sr":1,"ks":{"o":{"a":0,"k":100,"ix":11},"r":{"a":1,"k":[{"i":{"x":[0.667],"y":[1]},"o":{"x":[0.333],"y":[0]},"t":0,"s":[0]},{"i":{"x":[0.667],"y":[1]},"o":{"x":[0.333],"y":[0]},"t":18,"s":[14]},{"t":35,"s":[0]}],"ix":10},"p":{"a":0,"k":[596,622,0],"ix":2},"a":{"a":0,"k":[202.5,211,0],"ix":1},"s":{"a":0,"k":[100,100,100],"ix":6}},"ao":0,"ip":0,"op":125,"st":0,"bm":0},{"ddd":0,"ind":2,"ty":2,"nm":"编组 4@3x.png","cl":"png","refId":"image_1","sr":1,"ks":{"o":{"a":0,"k":100,"ix":11},"r":{"a":0,"k":0,"ix":10},"p":{"a":0,"k":[378,378,0],"ix":2},"a":{"a":0,"k":[378,378,0],"ix":1},"s":{"a":0,"k":[100,100,100],"ix":6}},"ao":0,"ip":0,"op":125,"st":0,"bm":0}],"markers":[]}